{
    "train": {
        "rmse": 1.2709473681200594,
        "mae": 0.5035935684222145,
        "r2": 0.7769453170461315
    },
    "validation": {
        "rmse": 0.04160905854008163,
        "mae": 0.026600173197331684,
        "r2": -0.9681920876514076
    },
    "test": {
        "rmse": 0.02442721567303808,
        "mae": 0.01962846219681495,
        "r2": -0.52015423500409
    },
    "best_iteration": 57,
    "total_features": 11
}